game,release_year,genre,total_earnings_usd,offline_earnings_usd,percent_offline,total_players,total_tournaments,online_earnings_usd,offline_share,game_age_years
Dota 2,2013,Multiplayer Online Battle Arena,360461163.42,313554838.46,0.869871348927135,4980,1934,46906324.96000004,0.8698713489271354,12
Fortnite,2017,Battle Royale,191012698.69,56299884.57,0.294744197407371,9535,2291,134712814.12,0.2947441974073708,8
Counter-Strike: Global Offensive,2012,First-Person Shooter,162489706.76,105130836.17,0.646999974744739,16518,7033,57358870.58999999,0.6469999747447388,13
League of Legends,2009,Multiplayer Online Battle Arena,113596024.63,98546688.28,0.867518811516353,9588,3000,15049336.349999994,0.8675188115163533,16
Arena of Valor,2015,Multiplayer Online Battle Arena,98746138.92,94528965.41,0.957292775635343,2231,179,4217173.510000005,0.9572927756353432,10
PLAYERUNKNOWN'S BATTLEGROUNDS Mobile,2017,Battle Royale,87322954.82,60665002.37,0.694719990809399,4263,341,26657952.449999996,0.6947199908093994,8
PLAYERUNKNOWN’S BATTLEGROUNDS,2017,Battle Royale,64200450.19,49370328.97,0.769002846925364,3967,631,14830121.219999999,0.7690028469253636,8
Rainbow Six Siege,2015,First-Person Shooter,48130526.59,37241404.36,0.773758506264454,3070,568,10889122.230000004,0.7737585062644542,10
StarCraft II,2010,Strategy,42692707.57,33672991.36,0.788729346921578,2280,7510,9019716.21,0.7887293469215778,15
Rocket League,2015,Sports,42262497.19,17816799.61,0.421574700848859,6884,4542,24445697.58,0.4215747008488592,10
Overwatch,2016,First-Person Shooter,35259225.38,18840032.08,0.534329154340599,4047,847,16419193.300000004,0.5343291543405994,9
VALORANT,2020,First-Person Shooter,32018215.37,19298867.52,0.602746508416656,7465,1316,12719347.850000001,0.6027465084166557,5
Hearthstone,2014,Collectible Card Game,30708754.65,18315099.29,0.596412961018593,3147,1162,12393655.36,0.5964129610185934,11
Apex Legends,2019,Battle Royale,26153237.01,13376299.25,0.511458648307489,2317,731,12776937.760000002,0.5114586483074891,6
CrossFire,2007,First-Person Shooter,25128357.96,21774364.07,0.866525544751512,1140,405,3353993.8900000006,0.8665255447515122,18
Counter-Strike 2,2023,First-Person Shooter,21155138.09,14444777.21,0.682802312542125,2731,424,6710360.879999999,0.6828023125421253,2
Heroes of the Storm,2015,Multiplayer Online Battle Arena,18464719.38,14254535.64,0.771987667217935,1326,506,4210183.739999998,0.7719876672179353,10
Free Fire,2017,Battle Royale,18141992.14,13917001.42,0.767115392433413,1706,95,4224990.720000001,0.7671153924334133,8
Mobile Legends: Bang Bang,2016,Multiplayer Online Battle Arena,17019451.87,15261734.15,0.896723012384535,2261,155,1757717.7200000007,0.8967230123845346,9
Counter-Strike,2000,First-Person Shooter,13624160.18,12905226,0.947230936035574,4327,1026,718934.1799999997,0.9472309360355744,25
Call of Duty: Warzone,2020,First-Person Shooter,12904809.95,1686000,0.130648960080191,1279,406,11218809.95,0.1306489600801909,5
Overwatch 2,2022,First-Person Shooter,12861360.04,8210380.04,0.638375724998365,1329,138,4650979.999999999,0.638375724998365,3
SMITE,2014,Multiplayer Online Battle Arena,12580110.75,10017832.57,0.796323082449811,556,110,2562278.1799999997,0.7963230824498108,11
League of Legends: Wild Rift,2021,Multiplayer Online Battle Arena,11193427.98,8310360.3,0.742432105236094,1473,117,2883067.6800000006,0.742432105236094,4
Magic: The Gathering Arena,2018,Collectible Card Game,9194000,4434000,0.482271046334566,336,60,4760000,0.482271046334566,7
World of WarCraft,2004,Role-Playing Game,9150537.61,5081388.91,0.555310422903119,503,225,4069148.6999999993,0.5553104229031195,21
Clash Royale,2016,Strategy,9059840.93,4386263.8,0.48414357756279103,563,132,4673577.13,0.4841435775627906,9
Teamfight Tactics,2019,Strategy,8765860.25,3290172.58,0.37533938326247,871,109,5475687.67,0.3753393832624699,6
Chess.com,2007,Strategy,8609043.36,853000.02,0.0990818589627826,1158,779,7756043.34,0.09908185896278261,18
Call of Duty: Mobile,2019,First-Person Shooter,8364832.75,5834199.69,0.697467584154626,471,43,2530633.0599999996,0.6974675841546264,6
Brawl Stars,2018,Strategy,8141511.8,3848208.14,0.472665057121209,698,207,4293303.66,0.4726650571212094,7
StarCraft: Brood War,1998,Strategy,7555915.68,7299575.96,0.966074301136193,663,542,256339.71999999974,0.9660743011361927,27
Call of Duty: Modern Warfare,2019,First-Person Shooter,7500784.5,678562.5,0.0904655373047979,396,81,6822222,0.09046553730479792,6
EA Sports FC 24,2023,Sports,7356431.34,6950011.98,0.944753190614296,348,76,406419.3599999994,0.944753190614296,2
Halo 5: Guardians,2015,First-Person Shooter,7161730.97,6783930.97,0.947247390109657,248,109,377800,0.9472473901096566,10
Halo Infinite,2021,First-Person Shooter,7003555.03,6522700.03,0.931341297678074,275,58,480855,0.9313412976780736,4
CrossFire Mobile,2015,First-Person Shooter,6780944.77,6022238.02,0.888111940779013,282,40,758706.75,0.8881119407790133,10
Call of Duty: Black Ops 4,2018,First-Person Shooter,6734938.95,6631161.95,0.984591248596247,389,82,103777,0.9845912485962475,7
Call of Duty: Black Ops Cold War,2020,First-Person Shooter,6549000,3500000,0.534432737822568,299,92,3049000,0.5344327378225683,5
Call of Duty: Vanguard,2021,First-Person Shooter,6321000,5080000,0.803670305331435,261,91,1241000,0.8036703053314349,4
WarCraft III,2002,Strategy,6307153.73,5368595.62,0.851191496167955,768,1550,938558.1100000003,0.8511914961679553,23
World of Tanks,2010,Strategy,6205809.8,5479387.22,0.882944756057461,922,94,726422.5800000001,0.8829447560574608,15
FIFA 23,2022,Sports,6197022.16,5097419.77,0.822559551731537,527,99,1099602.3900000006,0.8225595517315367,3
Call of Duty: Modern Warfare II,2022,First-Person Shooter,6121126.9,5390000,0.880556813811522,227,38,731126.9000000004,0.8805568138115222,3
Clash of Clans,2012,Strategy,6085742.37,3722139.37,0.611616322825049,544,81,2363603,0.6116163228250492,13
Call of Duty: Modern Warfare III,2023,First-Person Shooter,6020000,5800000,0.963455149501661,145,15,220000,0.9634551495016611,2
StarCraft: Remastered,2017,Strategy,5860787.7,1959028.34,0.334260246280547,413,829,3901759.3600000003,0.3342602462805469,8
Identity V,2018,Strategy,5796530.92,5225333.4,0.901458729732783,375,29,571197.5199999996,0.9014587297327831,7
Shadowverse,2016,Collectible Card Game,5508473.29,5373673.29,0.975528609670357,248,44,134800,0.9755286096703575,9
Street Fighter 6,2023,Fighting Game,5179896.65,4800868.03,0.926826991808804,393,120,379028.6200000001,0.9268269918088038,2
FIFA 21,2020,Sports,4733259.11,1530671.04,0.323386276649452,417,61,3202588.0700000003,0.3233862766494522,5
Call of Duty: WWII,2017,First-Person Shooter,4578021,4498605,0.982652766337245,296,77,79416,0.9826527663372449,8
FIFA 22,2021,Sports,4575674.03,3371614.78,0.736856418943812,422,75,1204059.2500000005,0.7368564189438118,4
Naraka: Bladepoint,2021,Role-Playing Game,4357330.52,3922900,0.900298928895575,177,14,434430.51999999955,0.9002989288955754,4
chess24,2014,Strategy,4318475.43,0,0,90,29,4318475.43,0,11
Brawlhalla,2015,Fighting Game,4268987.83,1074264.04,0.251643734482138,880,698,3194723.79,0.25164373448213834,10
Super Smash Bros. Melee,2001,Fighting Game,4221849.29,4040278.51,0.956992595536256,2012,2746,181570.78000000026,0.956992595536256,24
Call of Duty: Infinite Warfare,2016,First-Person Shooter,4166705.06,4049855.06,0.971956258406253,343,84,116850,0.9719562584062525,9
FIFA Online 4,2018,Sports,4087518.33,2479725.66,0.606657991427282,427,67,1607792.67,0.6066579914272825,7
Call of Duty: Black Ops III,2015,First-Person Shooter,3939783.29,3783077.02,0.960224647280028,424,78,156706.27000000002,0.9602246472800284,10
Tekken 7,2015,Fighting Game,3911820.6,3648598.41,0.932711078314788,634,426,263222.18999999994,0.9327110783147877,10
Age of Empires II,1999,Strategy,3898508.73,1361409.22,0.349212818102372,2256,1939,2537099.51,0.3492128181023722,26
iRacing.com,2008,Racing,3757336.03,939017.1,0.249915656332713,1302,189,2818318.9299999997,0.24991565633271295,17
Quake Champions,2017,First-Person Shooter,3520578.25,2563328.35,0.728098672426895,334,290,957249.8999999999,0.7280986724268946,8
FIFA 19,2018,Sports,3287686.79,3210843.28,0.976626876308981,331,53,76843.51000000024,0.9766268763089807,7
Gears of War 4,2016,Third-Person Shooter,3142785,3055000,0.972067767919218,155,152,87785,0.9720677679192181,9
Counter-Strike: Source,2004,First-Person Shooter,3113222.29,2872766.03,0.922762900428803,1502,331,240456.26000000024,0.9227629004288029,21
Heroes of Newerth,2010,Multiplayer Online Battle Arena,3073445.72,1722436.17,0.560425114649495,820,395,1351009.5500000003,0.5604251146494951,15
Minecraft,2011,Multiplayer Online Battle Arena,3008059.15,199650,0.066371700170856,613,142,2808409.15,0.06637170017085602,14
Super Smash Bros. Ultimate,2018,Fighting Game,2929881.74,2424346.86,0.827455534092649,2419,1757,505534.88000000035,0.8274555340926489,7
NBA 2K23,2022,Sports,2925000,2425000,0.829059829059829,105,9,500000,0.8290598290598291,3
Pokemon Unite,2021,Multiplayer Online Battle Arena,2802324.2,1849037.5,0.65982283563051,850,61,953286.7000000002,0.6598228356305098,4
NBA 2K22,2021,Sports,2650000,2150000,0.811320754716981,92,7,500000,0.8113207547169812,4
Call of Duty: Advanced Warfare,2014,First-Person Shooter,2611808.93,2267636.14,0.868224361266733,783,405,344172.79000000004,0.8682243612667332,11
FIFA 20,2019,Sports,2598643.56,1141158.77,0.439136320026899,363,67,1457484.79,0.43913632002689895,6
Paladins,2015,First-Person Shooter,2490507.6,1789000,0.718327460634932,571,79,701507.6000000001,0.7183274606349324,10
Street Fighter V,2016,Fighting Game,2334386.94,2285886.94,0.97922366717833,281,131,48500,0.9792236671783299,9
Gears 5,2019,Third-Person Shooter,2320920,680000,0.292987263671303,163,112,1640920,0.29298726367130273,6
Halo 3,2007,First-Person Shooter,2318079.4,2161479.4,0.932444074176234,214,43,156600,0.932444074176234,18
Street Fighter V: Arcade Edition,2018,Fighting Game,2267283.95,2266433.95,0.999625102096277,244,105,850,0.9996251020962769,7
FIFA 18,2017,Sports,2233697.69,2221267.08,0.994434963130575,235,48,12430.60999999987,0.9944349631305748,8
rFactor 2,2013,Racing,2219963.12,1452396.94,0.654243724553406,557,103,767566.1800000002,0.6542437245534061,12
WarCraft III: Reforged,2020,Strategy,2139958.1,594399.8,0.277762354318993,197,588,1545558.3,0.27776235431899343,5
Rennsport,2022,Racing,2131805.52,2104686.02,0.987278623802419,65,9,27119.5,0.9872786238024189,3
H1Z1,2016,Battle Royale,2067122,2067122,1,119,13,0,1,9
FIFA Online 3,2012,Sports,1937542.85,1937542.85,1,124,25,0,1,13
CrossFire HD,2022,First-Person Shooter,1934161.1,1373434,0.710092866617987,139,7,560727.1000000001,0.7100928666179874,3
Point Blank,2008,First-Person Shooter,1903561.1,1725721.63,0.906575381268298,583,112,177839.4700000002,0.9065753812682975,17
Magic: The Gathering Online,2002,Collectible Card Game,1818000,1218000,0.66996699669967,173,16,600000,0.66996699669967,23
Hearthstone Battlegrounds,2019,Collectible Card Game,1755579.53,399565.43,0.227597453246678,271,51,1356014.1,0.22759745324667802,6
Madden NFL 23,2022,Sports,1700000,1260000,0.741176470588235,37,4,440000,0.7411764705882353,3
Madden NFL 24,2023,Sports,1700000,1700000,1,86,6,0,1,2
Madden NFL 22,2021,Sports,1650000,1000000,0.606060606060606,37,4,650000,0.6060606060606061,4
Halo 2,2004,First-Person Shooter,1626762.47,1489362.47,0.915537761330331,126,74,137400,0.9155377613303312,21
Call of Duty: Ghosts,2013,First-Person Shooter,1594185.25,1504472.89,0.943725260285779,199,76,89712.3600000001,0.9437252602857792,12
Super Smash Bros. for Wii U,2014,Fighting Game,1517451.47,1512816.47,0.996945536584442,1284,1036,4635,0.9969455365844418,11
Tekken 8,2024,Fighting Game,1506651.86,1474502.77,0.978661898708305,208,40,32149.090000000084,0.9786618987083054,1
Gwent,2016,Collectible Card Game,1505197.17,755591.17,0.501988168101592,344,122,749605.9999999999,0.5019881681015916,9
FIFA 17,2016,Sports,1487809.08,1487809.08,1,135,49,0,1,9
Call of Duty: Black Ops 2,2012,First-Person Shooter,1479139.25,1430071.63,0.966826909636804,187,54,49067.62000000011,0.9668269096368038,13
NBA 2K21,2020,Sports,1330501,1080000,0.811724305355652,64,3,250501,0.8117243053556518,5
NBA 2K19,2018,Sports,1330000,1330000,1,78,4,0,1,7
Lichess,2010,Strategy,1308106.01,0,0,366,183,1308106.01,0,15
Madden NFL 21,2020,Sports,1280000,330000,0.2578125,66,6,950000,0.2578125,5
Madden NFL 19,2018,Sports,1269992,1269992,1,45,5,0,1,7
Street Fighter V: Champion Edition,2020,Fighting Game,1248126.27,707643.81,0.566964919342656,264,154,540482.46,0.5669649193426559,5
Quake III Arena,1999,First-Person Shooter,1198106.02,1180293.99,0.985133177112323,309,115,17812.030000000028,0.9851331771123226,26
Age of Empires IV,2021,Strategy,1190813.44,439117.93,0.368754596857758,643,423,751695.51,0.368754596857758,4
Auto Chess,2019,Strategy,1163720.28,1038222.28,0.892157933348038,133,52,125498,0.892157933348038,6
Call of Duty: Modern Warfare 3,2011,First-Person Shooter,1161041.56,1144955.66,0.986145284928474,217,49,16085.90000000014,0.986145284928474,14
Painkiller,2004,First-Person Shooter,1015000,1015000,1,48,13,0,1,21
Madden NFL 17,2016,Sports,1004000,1004000,1,42,5,0,1,9
Turbo Racing League,2013,Racing,1000000,500000,0.5,16,9,500000,0.5,12
NBA 2K18,2017,Sports,1000000,1000000,1,91,4,0,1,8
Assetto Corsa,2014,Racing,979920.9,671703.55,0.685467112702668,302,131,308217.35,0.6854671127026681,11
Call of Duty Online,2013,First-Person Shooter,949542,949542,1,0,8,0,1,12
Vainglory,2014,Multiplayer Online Battle Arena,937421.19,836825.87,0.892689304367016,262,36,100595.31999999995,0.8926893043670157,11
Madden NFL 20,2019,Sports,923000,703000,0.761646803900325,38,2,220000,0.761646803900325,6
Defense of the Ancients,2003,Multiplayer Online Battle Arena,918125.6,878963.63,0.957345737881614,504,105,39161.96999999997,0.9573457378816145,22
Trackmania (2020),2020,Racing,870387.31,315006.92,0.361915800449802,830,796,555380.3900000001,0.36191580044980204,5
Forza Motorsport 7,2017,Racing,842700,616200,0.7312210751157,140,13,226500,0.7312210751156996,8
Injustice 2,2017,Fighting Game,837447.16,836014.57,0.99828933684604,81,38,1432.5900000000838,0.9982893368460404,8
Ultra Street Fighter IV,2014,Fighting Game,818394.62,818354.62,0.99995112382337,242,233,40,0.9999511238233701,11
Summoners War: Sky Arena,2014,Strategy,792000,512000,0.646464646464647,33,7,280000,0.6464646464646465,11
Team Fortress 2,2007,First-Person Shooter,775660.02,438928.41,0.565877315682714,1471,207,336731.61000000004,0.5658773156827136,18
Halo: Reach,2010,First-Person Shooter,772089.97,712089.97,0.922288849316356,121,29,60000,0.9222888493163562,15
F1 2021,2021,Racing,765939,0,0,35,4,765939,0,4
F1 2020,2020,Racing,752235,0,0,42,3,752235,0,5
F1 22,2022,Racing,750324,0,0,25,2,750324,0,3
Age of Empires,1997,Strategy,736284.75,522378.17,0.70947845925099,624,341,213906.58000000002,0.7094784592509895,28
Legends of Runeterra,2020,Collectible Card Game,718091.03,0,0,284,33,718091.03,0,5
EA Sports FC Online,2023,Sports,713675.79,639284.99,0.89576387339691,96,11,74390.80000000005,0.8957638733969103,2
Guilty Gear -STRIVE-,2021,Fighting Game,694848.84,595274.73,0.85669673133512,319,116,99574.10999999999,0.8566967313351204,4
Farming Simulator 19,2018,Strategy,689617.9,228639.83,0.331545671885837,145,32,460978.07000000007,0.33154567188583706,7
Quake Live,2010,First-Person Shooter,684854.12,599972.93,0.876059459202786,225,411,84881.18999999994,0.8760594592027862,15
Blade & Soul,2012,Role-Playing Game,679006.26,679006.26,1,89,7,0,1,13
Pokémon VGC,2012,Strategy,667352,647500,0.970252580347403,322,48,19852,0.9702525803474029,13
Rules Of Survival,2017,Battle Royale,656000,476000,0.725609756097561,0,4,180000,0.725609756097561,8
Multigaming,2000,Strategy,631156.54,573837.5,0.909184114609666,58,12,57319.04000000004,0.9091841146096655,25
TEPPEN,2019,Strategy,626226.6,456721.47,0.729323011829903,53,24,169505.13,0.7293230118299031,6
Call of Duty: Blackout,2018,First-Person Shooter,611608.35,321008.35,0.524859331956472,175,18,290600,0.5248593319564718,7
Mortal Kombat 11,2019,Fighting Game,611478.76,519216.56,0.849116263662208,236,64,92262.20000000001,0.8491162636622079,6
KartRider,2004,Racing,567366.35,567366.35,1,76,20,0,1,21
Quake 4,2005,First-Person Shooter,564455.57,562204.81,0.996012511666773,107,54,2250.759999999893,0.9960125116667732,20
Mortal Kombat X,2015,Fighting Game,563532.42,563532.42,1,100,62,0,1,10
Assetto Corsa Competizione,2018,Racing,561404.09,340767.5,0.606991480949132,511,64,220636.58999999997,0.6069914809491325,7
Pokémon GO,2016,Strategy,557990,552000,0.98926504059212494,324,72,5990,0.9892650405921253,9
F1 2019,2019,Racing,538047.38,538047.38,1,25,2,0,1,6
Dragon Ball FighterZ,2018,Fighting Game,518915.52,491873.16,0.947886777408392,300,183,27042.360000000044,0.9478867774083919,7
Pro Evolution Soccer 2017,2016,Sports,514697.71,514697.71,1,39,16,0,1,9
Dead or Alive 4,2005,Fighting Game,497745.31,497745.31,1,45,13,0,1,20
eFootball,2021,Sports,492000,25000,0.0508130081300813,62,14,467000,0.0508130081300813,4
Guild Wars 2,2012,Role-Playing Game,476005.5,350000,0.735285621699749,152,57,126005.5,0.7352856216997493,13
Halo 2 Anniversary,2014,First-Person Shooter,468705.05,468705.05,1,97,20,0,1,11
FIFA 13,2012,Sports,458427.82,448195.59,0.977679735928766,53,62,10232.229999999981,0.9776797359287663,13
Old School Runescape,2013,Role-Playing Game,457504.2,28500,0.0622945100831861,84,26,429004.2,0.06229451008318612,12
Halo 4,2012,First-Person Shooter,430748.76,428498.76,0.994776537487885,66,19,2250,0.9947765374878851,13
Call of Duty 4: Modern Warfare,2007,First-Person Shooter,425409.27,393007.11,0.923832971481792,431,87,32402.160000000033,0.923832971481792,18
Madden NFL 18,2017,Sports,423676.62,20676.62,0.0488028345769941,40,3,403000,0.04880283457699412,8
Counter-Strike Online,2016,First-Person Shooter,406989.6,406989.6,1,70,12,0,1,9
Madden NFL 13,2012,Sports,400000,400000,1,8,1,0,1,13
Super Street Fighter IV Arcade Edition,2010,Fighting Game,391186.67,391186.67,1,195,209,0,1,15
Call of Duty: Black Ops,2010,First-Person Shooter,375793.48,346969.18,0.92329749840258,118,23,28824.29999999999,0.9232974984025801,15
King of Fighters XV,2022,Fighting Game,368613.14,341929.72,0.927611316297623,179,51,26683.420000000042,0.927611316297623,3
Splitgate: Arena Warfare,2019,Multiplayer Online Battle Arena,360000,0,0,92,4,360000,0,6
Mortal Kombat 1,2023,Fighting Game,344710.47,289710.47,0.840445809493399,129,26,55000,0.8404458094933989,2
Fall Guys,2020,Battle Royale,340273.83,0,0,250,7,340273.83,0,5
Tetris,1989,Puzzle Game,308794.74,126896.27,0.410940516668127,180,122,181898.46999999997,0.4109405166681272,36
Halo: Combat Evolved,2001,First-Person Shooter,299281,299281,1,118,39,0,1,24
Hyper Scape,2020,Multiplayer Online Battle Arena,299000,0,0,260,4,299000,0,5
Project Gotham Racing 3,2005,Racing,297286.85,297286.85,1,33,10,0,1,20
World in Conflict,2007,Strategy,293338.23,293338.23,1,38,11,0,1,18
RaceRoom Racing Experience,2013,Racing,279172.5,82583.7,0.295816027724794,168,28,196588.8,0.2958160277247938,12
osu!,2007,Music / Rhythm Game,274092.83,32667.89,0.119185496388213,1059,251,241424.94,0.1191854963882127,18
Killer Instinct (2013),2013,Fighting Game,268193.54,268123.54,0.999738994459001,137,59,70,0.9997389944590015,12
Diabotical,2020,First-Person Shooter,265072.09,25842.43,0.0974920822482669,399,388,239229.66000000003,0.09749208224826687,5
chessarena.com,2021,Strategy,263363.64,54000,0.205039693406425,134,22,209363.64,0.20503969340642467,4
Realm Royale,2018,First-Person Shooter,263000,0,0,47,9,263000,0,7
ShootMania Storm,2013,First-Person Shooter,262090.69,258286.5,0.985485215060482,108,43,3804.1900000000023,0.9854852150604816,12
Doom 3,2004,First-Person Shooter,257748.16,257748.16,1,14,4,0,1,21
Gears of War,2006,Third-Person Shooter,252195.57,252195.57,1,33,18,0,1,19
Aim Gods,2020,First-Person Shooter,250000,0,0,2,1,250000,0,5
NBA 2K20,2019,Sports,250000,0,0,1,1,250000,0,6
Pro Evolution Soccer 2018,2017,Sports,250000,250000,1,20,3,0,1,8
Super Smash Bros. Brawl,2008,Fighting Game,248100.83,248100.83,1,509,348,0,1,17
Battlefield 4,2013,First-Person Shooter,245766.46,212540.31,0.864806003227617,204,145,33226.149999999994,0.864806003227617,12
FIFA 07,2006,Sports,238312.23,238312.23,1,43,14,0,1,19
Forza Motorsport 2,2007,Racing,222000,222000,1,17,2,0,1,18
Pro Evolution Soccer 2019,2019,Sports,216000,216000,1,25,2,0,1,6
FIFA 08,2007,Sports,207129.94,207129.94,1,68,17,0,1,18
Battalion 1944,2018,First-Person Shooter,206654.67,129863.88,0.628410091095449,135,29,76790.79000000001,0.6284100910954492,7
Granblue Fantasy: Versus,2020,Fighting Game,205435.88,171364.77,0.834152096508166,125,87,34071.110000000015,0.8341520965081659,5
Project M,2010,Fighting Game,205292.09,205292.09,1,560,335,0,1,15
TrackMania 2: Stadium,2013,Racing,200563.87,109371.91,0.545322096148225,345,286,91191.95999999999,0.5453220961482246,12
NASCAR Heat 4,2019,Racing,200500,0,0,34,5,200500,0,6
F1 2018,2018,Racing,200000,200000,1,21,1,0,1,7
Guns of Boom,2017,First-Person Shooter,198750,190000,0.955974842767296,8,21,8750,0.9559748427672956,8
TrackMania Nations Forever,2008,Racing,197927.78,169688.91,0.857327404975694,143,86,28238.869999999995,0.8573274049756937,17
Echo Arena,2017,Sports,193732.32,169362.32,0.874207876104514,126,22,24370,0.8742078761045137,8
Age of Mythology,2002,Strategy,188619.58,86723.77,0.459781375825352,236,298,101895.80999999998,0.4597813758253518,23
Ultimate Marvel vs. Capcom 3,2011,Fighting Game,186685.27,184557.92,0.988604617814785,223,198,2127.3499999999767,0.9886046178147854,14
Farming Simulator 22,2021,Strategy,181663.39,136960.97,0.753927194686833,48,8,44702.42000000001,0.7539271946868326,4
F.E.A.R.,2005,First-Person Shooter,178000,178000,1,20,5,0,1,20
Soul Calibur VI,2018,Fighting Game,177627.27,159953.28,0.900499568562868,128,72,17673.98999999999,0.9004995685628677,7
Rainbow Six: Vegas,2006,First-Person Shooter,176400.77,176400.77,1,106,7,0,1,19
Forza Motorsport 6,2015,Racing,172600,170200,0.986095017381228,43,9,2400,0.9860950173812283,10
Gears of War: Ultimate Edition,2015,Third-Person Shooter,170000,170000,1,39,3,0,1,10
Zula,2015,First-Person Shooter,162500,160000,0.984615384615385,38,3,2500,0.9846153846153847,10
Counter-Strike: Condition Zero,2004,First-Person Shooter,162150.6,162150.6,1,111,3,0,1,21
Onward,2016,First-Person Shooter,161820,123000,0.760103819058213,92,8,38820,0.7601038190582128,9
Granblue Fantasy Versus: Rising,2023,Fighting Game,154742.8,151802.8,0.981000731536459,79,22,2940,0.9810007315364592,2
Unreal Tournament 2004,2004,First-Person Shooter,152421.78,151871.78,0.996391591805318,54,14,550,0.9963915918053181,21
S.K.I.L.L. - Special Force 2,2013,First-Person Shooter,147532.93,131555.81,0.891704719753075,97,22,15977.119999999995,0.8917047197530749,12
Unreal Tournament 2003,2002,First-Person Shooter,147473.91,147473.91,1,33,14,0,1,23
Guilty Gear Xrd REV 2,2017,Fighting Game,145852.1,145657.1,0.998663029191901,136,67,195,0.9986630291919005,8
Super People,2022,Battle Royale,144526,0,0,95,11,144526,0,3
FIFA 15,2014,Sports,144373.99,116439.15,0.806510577147587,167,352,27934.839999999997,0.8065105771475873,11
MechWarrior Online,2013,First-Person Shooter,143490,143490,1,0,1,0,1,12
Wolfenstein: Enemy Territory,2003,First-Person Shooter,140963.24,138376.87,0.981652166905358,152,18,2586.3699999999953,0.9816521669053577,22
Mortal Kombat 9,2011,Fighting Game,136891.67,136891.67,1,67,26,0,1,14
Gears of War 2,2008,Third-Person Shooter,135000,135000,1,0,5,0,1,17
Mortal Kombat XL,2016,Fighting Game,134263.79,129263.79,0.962759877402537,56,19,5000.000000000015,0.9627598774025371,9
Evolve,2015,First-Person Shooter,131509.05,126054.1,0.958520345177765,110,33,5454.9499999999825,0.9585203451777654,10
Quake II,1997,First-Person Shooter,130725.98,130100,0.995211510366952,37,12,625.9799999999959,0.9952115103669523,28
Special Force,2004,First-Person Shooter,130250,130250,1,0,3,0,1,21
DNF Duel,2022,Fighting Game,129145.48,128145.48,0.992256794430591,53,13,1000,0.992256794430591,3
Tekken 6,2007,Fighting Game,122743.68,122743.68,1,64,30,0,1,18
Age of Empires III,2005,Strategy,122256.72,44472.6,0.363764053215234,172,179,77784.12,0.3637640532152343,20
FIFA 09,2008,Sports,121618.34,115321.42,0.948223927410948,52,19,6296.919999999998,0.9482239274109481,17
Artifact Classic,2018,Collectible Card Game,120567.26,11635.81,0.0965088698208784,286,192,108931.45,0.0965088698208784,7
Radical Heights,2018,Battle Royale,120000,0,0,12,2,120000,0,7
Tekken Tag Tournament 2,2011,Fighting Game,118501.3,118501.3,1,151,140,0,1,14
FIFA 16,2015,Sports,118401.61,117457.44,0.992025699650537,62,29,944.1699999999983,0.9920256996505369,10
Call of Duty: Modern Warfare 2,2009,First-Person Shooter,117479.89,51010.64,0.434207420521078,69,22,66469.25,0.43420742052107814,16
FIFA 10,2009,Sports,117026.71,90147.21,0.77031311911614,64,48,26879.5,0.7703131191161402,16
Escape from Tarkov,2020,First-Person Shooter,114600,0,0,150,4,114600,0,5
Microsoft Excel,1985,Puzzle Game,114400,65500,0.572552447552448,86,43,48900,0.5725524475524476,40
MultiVersus,2022,Fighting Game,114202.5,100151.5,0.8769641645323,59,10,14051,0.8769641645323001,3
Return to Castle Wolfenstein,2001,First-Person Shooter,113424.3,113424.3,1,50,3,0,1,24
Street Fighter III: 3rd Strike,1999,Fighting Game,113008.54,111311.32,0.984981489009592,179,57,1697.2199999999866,0.9849814890095918,26
TrackMania Nations,2006,Racing,112883.55,68474.97,0.60659830418161,43,18,44408.58,0.6065983041816102,19
FIFA 06,2005,Sports,112464.53,112464.53,1,23,12,0,1,20
Warface,2013,First-Person Shooter,109555,109555,1,32,2,0,1,12
Attack on Titan Tribute Game,2013,Fighting Game,108650,0,0,21,15,108650,0,12
BlazBlue: Central Fiction,2015,Fighting Game,106192.78,105895.94,0.997204706383993,130,57,296.8399999999965,0.9972047063839934,10
Street Fighter X Tekken,2012,Fighting Game,105990.64,98129.34,0.925830243123355,134,95,7861.300000000003,0.925830243123355,13
NHL 23,2022,Sports,105250,105250,1,12,4,0,1,3
Unreal Tournament 3,2007,First-Person Shooter,104977.82,104977.82,1,7,4,0,1,18
QuakeWorld,1996,First-Person Shooter,104913.39,99067.16,0.944275654423139,57,16,5846.229999999996,0.944275654423139,29
NHL 18,2017,Sports,102700,90000,0.876338851022395,20,6,12700,0.8763388510223953,8
Sea of Thieves,2016,Strategy,100000,0,0,67,4,100000,0,9
Creative Destruction,2018,Multiplayer Online Battle Arena,100000,0,0,8,1,100000,0,7
Madden NFL 06,2005,Sports,100000,100000,1,1,1,0,1,20
Madden NFL 07,2006,Sports,100000,100000,1,1,1,0,1,19
Madden NFL 08,2007,Sports,100000,100000,1,1,1,0,1,18
Madden NFL 09,2008,Sports,100000,100000,1,1,1,0,1,17
Madden NFL 25,2024,Sports,100000,100000,1,8,1,0,1,1
Rocket Arena,2020,Battle Royale,100000,0,0,24,3,100000,0,5
BlazBlue: Cross Tag Battle,2018,Fighting Game,98682.7,96434.31,0.977215965919052,133,43,2248.3899999999994,0.9772159659190517,7
Critical Ops,2015,First-Person Shooter,98106.41,40000,0.407720555670114,101,5,58106.41,0.40772055567011367,10
Stardew Valley,2016,Role-Playing Game,97850,0,0,69,3,97850,0,9
FIFA 14,2013,Sports,96347.81,87377.48,0.906896378859052,57,69,8970.330000000002,0.9068963788590524,12
Battlefield 2,2005,First-Person Shooter,94715.22,94715.22,1,0,13,0,1,20
Hand of the Gods,2017,Collectible Card Game,94434.2,72500,0.767730334984571,48,36,21934.199999999997,0.7677303349845713,8
FIFA 11,2010,Sports,93983.77,85154.02,0.906050268040961,72,78,8829.75,0.9060502680409607,15
Onmyoji Arena,2018,Multiplayer Online Battle Arena,89679.22,89679.22,1,5,1,0,1,7
Unreal Tournament,1999,First-Person Shooter,89000,89000,1,14,5,0,1,26
Among Us,2018,Strategy,86000,0,0,14,8,86000,0,7
Skullgirls 2nd Encore,2015,Fighting Game,84813.02,51251,0.604282219876146,84,29,33562.020000000004,0.6042822198761464,10
After-H,2019,First-Person Shooter,83863.4,66728.4,0.795679640939909,106,18,17135,0.7956796409399094,6
King of Fighters XIV,2016,Fighting Game,83801.59,82941.59,0.989737664882015,95,41,860,0.9897376648820148,9
Mad Skills Motocross 2,2017,Racing,80163,80163,1,23,3,0,1,8
Super Smash Bros.,1999,Fighting Game,79820.05,79680.05,0.998246054719334,242,131,140,0.9982460547193343,26
"Warhammer 40,000: Dawn of War",2005,Strategy,79816.5,79816.5,1,7,3,0,1,20
Samurai Shodown (2019),2019,Fighting Game,79368.31,79243.31,0.99842506410934,77,22,125,0.9984250641093404,6
Rainbow Six: Vegas 2,2008,First-Person Shooter,79000,79000,1,0,8,0,1,17
Pokkén Tournament,2016,Fighting Game,77216.66,76971.66,0.996827109590081,65,26,245,0.9968271095900807,9
Under Night In-Birth II [Sys:Celes],2024,Fighting Game,76510.86,76510.86,1,66,15,0,1,1
Marvel vs. Capcom: Infinite,2017,Fighting Game,76256.72,76202.12,0.999283997528349,60,22,54.60000000000582,0.999283997528349,8
Big Buck Hunter Arcade,2016,First-Person Shooter,76200,76200,1,3,1,0,1,9
Call of Duty 2,2005,First-Person Shooter,75090.24,69136.44,0.920711400043468,53,17,5953.800000000003,0.9207114000434676,20
GeoGuessr,2013,Strategy,74653.5,74653.5,1,34,2,0,1,12
NHL 13,2012,Sports,70000,70000,1,1,1,0,1,13
Ring of Elysium,2018,Battle Royale,70000,0,0,9,4,70000,0,7
Rise of Nations: Rise of Legends,2006,Strategy,69600,69600,1,8,1,0,1,19
Project Cars,2015,Racing,68955.21,10602.71,0.153762275540891,53,127,58352.50000000001,0.15376227554089095,10
Project Cars 2,2017,Racing,66150,58150,0.879062736205593,37,22,8000,0.8790627362055934,8
Zwift,2015,Sports,65370.76,0,0,10,7,65370.76,0,10
Battlerite,2016,Multiplayer Online Battle Arena,65227.95,28000,0.429263835518363,88,76,37227.95,0.42926383551836295,9
Dead or Alive 6,2019,Fighting Game,64742.54,63632.54,0.982855167560618,67,21,1110,0.9828551675606177,6
Melty Blood: Type Lumina,2021,Fighting Game,63817.23,63817.23,1,72,23,0,1,4
Rocket League Sideswipe,2021,Sports,63500,0,0,32,4,63500,0,4
World of Tanks Blitz,2016,Strategy,63330,60000,0.947418285172904,14,6,3330,0.9474182851729038,9
Soul Calibur V,2012,Fighting Game,62928.54,62928.54,1,76,28,0,1,13
Rezzil Player,2021,Sports,61650,0,0,19,12,61650,0,4
Gran Turismo Sport,2017,Racing,61522.56,27511,0.447169298546744,126,25,34011.56,0.4471692985467445,8
Enemy Territory: Quake Wars,2007,First-Person Shooter,60923.12,60923.12,1,27,4,0,1,18
Temtem,2022,Strategy,60500,0,0,35,9,60500,0,3
Carom 3D,1999,Sports,60500,60500,1,11,4,0,1,26
Dead By Daylight,2016,Strategy,60000,0,0,35,9,60000,0,9
Forza Motorsport (2023),2023,Racing,59750,4950,0.0828451882845188,93,5,54800,0.08284518828451883,2
Red Stone,2004,Role-Playing Game,58000,58000,1,12,2,0,1,21
FIFA 12,2011,Sports,57931.52,50779.42,0.876542165646612,59,67,7152.0999999999985,0.8765421656466117,14
FIFA 05,2004,Sports,57728.01,57728.01,1,5,8,0,1,21
Call of Duty,2003,First-Person Shooter,54799.77,54799.77,1,66,4,0,1,22
Under Night In-Birth EXE: Late[st],2015,Fighting Game,54583.33,54583.33,1,109,40,0,1,10
FIFA 03,2002,Sports,54066.44,54066.44,1,10,3,0,1,23
Command & Conquer 3,2007,Strategy,53086.67,53086.67,1,9,8,0,1,18
Asphalt 9: Legends,2018,Racing,51520,51520,1,5,2,0,1,7
Day of Defeat,2003,First-Person Shooter,51180.41,51180.41,1,43,4,0,1,22
Resistance 2,2008,First-Person Shooter,50400,0,0,194,1,50400,0,17
Borderlands 3,2019,First-Person Shooter,50000,0,0,16,1,50000,0,6
Descent 3,1999,First-Person Shooter,50000,50000,1,1,1,0,1,26
Rust,2013,First-Person Shooter,50000,0,0,46,1,50000,0,12
WWE 2K20,2019,Fighting Game,50000,0,0,20,2,50000,0,6
FIFA 2000,1999,Sports,50000,50000,1,4,1,0,1,26
Madden NFL 16,2015,Sports,50000,50000,1,8,1,0,1,10
Spellbreak,2020,Battle Royale,50000,0,0,42,1,50000,0,5
Rogue Company,2020,Third-Person Shooter,50000,0,0,48,2,50000,0,5
Yu-Gi-Oh! Duel Links,2016,Collectible Card Game,48746.72,0,0,328,219,48746.72,0,9
Echo Combat,2018,First-Person Shooter,46800,46800,1,16,1,0,1,7
King of Fighters XIII,2010,Fighting Game,46294.28,46294.28,1,106,44,0,1,15
Uncharted 4: A Thief's End,2016,First-Person Shooter,46235.07,46235.07,1,5,1,0,1,9
FIFA 2001,2000,Sports,46000,46000,1,9,2,0,1,25
Crab Game,2021,Multiplayer Online Battle Arena,45950,44000,0.957562568008705,32,11,1950,0.9575625680087051,4
Gran Turismo 4,2004,Racing,44000,44000,1,5,2,0,1,21
Aliens versus Predator 2,2001,First-Person Shooter,43500,43500,1,2,2,0,1,24
FIFA 2002 World Cup,2002,Sports,43000,43000,1,8,1,0,1,23
Bloodline Champions,2011,Multiplayer Online Battle Arena,41905.32,40850,0.974816562670324,43,12,1055.3199999999997,0.9748165626703245,14
Rivals of Aether,2015,Fighting Game,41314.85,38783.23,0.938723727666929,63,24,2531.6199999999953,0.9387237276669286,10
Pro Evolution Soccer 4,2004,Sports,40550.64,40550.64,1,11,2,0,1,21
FIFA 04,2003,Sports,40000,40000,1,3,3,0,1,22
Virtua Fighter 5,2007,Fighting Game,39830,39830,1,14,7,0,1,18
Stormgate,2024,Strategy,39778.85,15000,0.377084807630185,89,32,24778.85,0.3770848076301854,1
Marvel vs. Capcom 2,2000,Fighting Game,39279.73,39269.73,0.999745415765332,68,29,10,0.9997454157653324,25
The Unspoken,2018,Fighting Game,38824.08,38824.08,1,7,4,0,1,7
Guilty Gear Xrd -SIGN-,2014,Fighting Game,38065.66,38065.66,1,82,39,0,1,11
BlazBlue: Chronophantasma,2012,Fighting Game,37020.58,37020.58,1,63,15,0,1,13
Guilty Gear Xrd -REVELATOR-,2016,Fighting Game,36437.43,36437.43,1,61,19,0,1,9
Grey Goo,2015,Strategy,36400,30400,0.835164835164835,18,5,6000,0.8351648351648352,10
Need for Speed Carbon,2006,Racing,36322.58,36322.58,1,12,4,0,1,19
VAIL VR,2022,First-Person Shooter,36000,35000,0.972222222222222,30,2,1000,0.9722222222222222,3
Need for Speed: Most Wanted,2005,Racing,35694.54,35694.54,1,18,7,0,1,20
Need for Speed: Underground 2,2004,Racing,35629.48,35629.48,1,8,3,0,1,21
Injustice: Gods Among Us,2013,Fighting Game,35176.89,35176.89,1,101,117,0,1,12
Need for Speed: Underground,2003,Racing,35000,35000,1,3,1,0,1,22
Project Gotham Racing 2,2003,Racing,35000,35000,1,4,2,0,1,22
Playchess.com,2002,Strategy,32866.58,0,0,116,9,32866.58,0,23
Need for Speed: ProStreet,2007,Racing,32208.46,32208.46,1,12,3,0,1,18
Pro Evolution Soccer 5,2005,Sports,32000,32000,1,4,1,0,1,20
Space Junkies,2019,First-Person Shooter,30420,24600,0.808678500986193,33,4,5820,0.8086785009861933,6
Super Street Fighter IV,2010,Fighting Game,30229.3,20877.3,0.690631274955093,43,18,9352,0.6906312749550932,15
UNO,2016,Strategy,30000,0,0,28,3,30000,0,9
Dead or Alive Ultimate,2004,Fighting Game,30000,30000,1,3,1,0,1,21
Dirt Rally 2.0,2019,Racing,30000,10000,0.333333333333333,9,4,20000,0.3333333333333333,6
Asphalt 4,2008,Racing,29500,29500,1,5,2,0,1,17
Pro Evolution Soccer 2014,2013,Sports,29410.25,29410.25,1,4,1,0,1,12
Super Street Fighter II Turbo,1994,Fighting Game,28227.29,28227.29,1,126,55,0,1,31
The Division 2,2019,Third-Person Shooter,27250,0,0,40,2,27250,0,6
Pro Evolution Soccer 2016,2015,Sports,27243.84,27243.84,1,17,6,0,1,10
Pro Evolution Soccer 2015,2014,Sports,26544.76,26544.76,1,3,1,0,1,11
Dota Underlords,2019,Strategy,26024.18,0,0,62,36,26024.18,0,6
Capcom vs. SNK 2,2001,Fighting Game,25966.79,25966.79,1,39,24,0,1,24
Battlefield 3,2011,First-Person Shooter,25407.46,25407.46,1,5,7,0,1,14
WRC 10 FIA World Rally Championship,2021,Racing,25250,25250,1,1,1,0,1,4
Project Gotham Racing 4,2007,Racing,25208.46,25208.46,1,5,4,0,1,18
Forza Horizon 5,2021,Racing,25000,500,0.02,24,11,24500,0.02,4
Pro Evolution Soccer 3,2003,Sports,25000,25000,1,8,2,0,1,22
BlazBlue: Continuum Shift II,2010,Fighting Game,24591.01,24591.01,1,14,5,0,1,15
TrackMania 2: Canyon,2011,Racing,24093.35,18553.65,0.770073485007274,26,39,5539.699999999997,0.7700734850072739,14
Ghost Recon Advanced Warfighter,2006,First-Person Shooter,24000,24000,1,0,2,0,1,19
Shadowrun,2007,First-Person Shooter,24000,24000,1,0,3,0,1,18
ARMS,2017,Fighting Game,22759.9,13672.93,0.600746488341337,133,116,9086.970000000001,0.6007464883413371,8
NHL 19,2018,Sports,22566.67,19566.67,0.867060580936399,10,8,3000,0.8670605809363987,7
Marvel vs. Capcom 3,2011,Fighting Game,22343.62,22343.62,1,38,12,0,1,14
Super Street Fighter II Turbo HD Remix,2008,Fighting Game,22160,22160,1,55,9,0,1,17
Pokkén Tournament DX,2017,Fighting Game,22125.4,21914,0.990445370479178,44,28,211.40000000000146,0.9904453704791777,8
StarCraft: Evo Complete (Mod),2024,Strategy,21687.9,0,0,35,10,21687.9,0,1
Brink,2011,First-Person Shooter,21505.82,21505.82,1,5,1,0,1,14
Gran Turismo 7,2022,Sports,21242.85,0,0,13,4,21242.85,0,3
Persona 4 Arena Ultimax,2013,Fighting Game,21138.16,21138.16,1,69,22,0,1,12
Guilty Gear XX Accent Core Plus R,2012,Fighting Game,20680.9,12408.76,0.60001063783491,97,35,8272.140000000001,0.6000106378349105,13
Pro Evolution Soccer 6,2006,Sports,20216.82,20216.82,1,5,2,0,1,19
ZeroSpace,2024,Strategy,20000,0,0,11,2,20000,0,1
EV.IO,2021,First-Person Shooter,20000,15000,0.75,27,2,5000,0.75,4
Blaston,2020,First-Person Shooter,19623.06,1780,0.0907096039047936,27,22,17843.06,0.09070960390479364,5
Sekiro: Shadows Die Twice,2019,Fighting Game,19596,0,0,20,1,19596,0,6
Golf With Your Friends,2016,Sports,19400,0,0,11,2,19400,0,9
Vampire Savior,1997,Fighting Game,19072.38,17925.17,0.939849667424831,44,25,1147.2100000000028,0.939849667424831,28
Guitar Hero III: Legends of Rock,2007,Music / Rhythm Game,19000,19000,1,8,2,0,1,18
Tetr.io,2020,Puzzle Game,18698.3,5134.63,0.274604108394881,39,18,13563.669999999998,0.2746041083948808,5
Battlefield 2142,2006,First-Person Shooter,18546.14,18546.14,1,0,4,0,1,19
Virtua Fighter 5: Ultimate Showdown,2021,Fighting Game,17070,16070,0.941417691857059,22,4,1000,0.9414176918570591,4
Beat Saber,2019,Music / Rhythm Game,16692.06,0,0,63,11,16692.06,0,6
Mordhau,2019,Fighting Game,16623,0,0,40,3,16623,0,6
Dead or Alive 5: Last Round,2015,Fighting Game,15413.82,15413.82,1,46,20,0,1,10
Street Fighter IV,2009,Fighting Game,15110.82,15110.82,1,43,13,0,1,16
rFactor,2005,Racing,15083.56,0,0,51,4,15083.56,0,20
Command & Conquer: Red Alert,1996,Strategy,15000,15000,1,8,1,0,1,29
The Binding of Isaac,2011,Strategy,15000,0,0,16,1,15000,0,14
Total Annihilation,1997,Strategy,15000,15000,1,2,1,0,1,28
Xonotic,2010,First-Person Shooter,14935.01,26.07,0.001745562942375,96,44,14908.94,0.0017455629423749968,15
Mario Kart 8 Deluxe,2017,Racing,14654.44,5004.44,0.34149650208401,55,10,9650,0.34149650208401,8
Day of Defeat: Source,2005,First-Person Shooter,14068.57,10286.47,0.731166707064044,50,8,3782.1000000000004,0.7311667070640442,20
Battlefield Hardline,2015,First-Person Shooter,13463.28,13463.28,1,20,1,0,1,10
Prophecy,2020,Strategy,13000,0,0,27,4,13000,0,5
Melty Blood: Actress Again Current Code,2010,Fighting Game,12937.44,10172.51,0.786284612720909,73,25,2764.9300000000003,0.7862846127209092,15
Deadlock,2024,Multiplayer Online Battle Arena,12610,0,0,27,4,12610,0,1
Tekken 4,2001,Fighting Game,12500,12500,1,4,4,0,1,24
Heavy Metal Machines,2017,Multiplayer Online Battle Arena,12339.33,0,0,35,1,12339.33,0,8
Tekken 5: Dark Resurrection,2006,Fighting Game,12180,12180,1,18,5,0,1,19
Wise Star 2,2008,Puzzle Game,12000,12000,1,3,1,0,1,17
Live for Speed,2003,Racing,11833.14,9219.14,0.779094982396895,24,10,2614,0.7790949823968955,22
Sprint Vector,2018,Racing,11750,11750,1,8,1,0,1,7
Tetris Effect: Connected,2020,Puzzle Game,11529.88,2653.37,0.230129888602483,35,11,8876.509999999998,0.2301298886024833,5
Age of Empires Online,2011,Strategy,11462.98,775,0.0676089463647324,52,68,10687.98,0.06760894636473239,14
Crysis,2007,First-Person Shooter,11340.95,11340.95,1,0,2,0,1,18
Forza Motorsport 3,2009,Racing,11000,11000,1,3,2,0,1,16
Mystery Game Tournament,2019,Fighting Game,10995,10995,1,56,8,0,1,6
Need for Speed: Shift,2009,Racing,10500,10500,1,3,1,0,1,16
Guitar Hero 5,2009,Music / Rhythm Game,10500,10500,1,3,1,0,1,16
Guilty Gear XX Accent Core,2007,Fighting Game,10365,10365,1,33,4,0,1,18
Under Night In-Birth EXE: Late[cl-r],2020,Fighting Game,10362.01,9732.25,0.939224146666525,40,10,629.7600000000002,0.9392241466665251,5
Guilty Gear XX Slash,2005,Fighting Game,10250,10250,1,6,2,0,1,20
Hyper Street Fighter II,2003,Fighting Game,10250,10250,1,8,1,0,1,22
Tekken 5,2004,Fighting Game,10250,10250,1,10,9,0,1,21
Dead by Daylight Mobile,2020,Strategy,10000,0,0,0,1,10000,0,5
Internet Chess Club,1995,Strategy,10000,0,0,6,1,10000,0,30
Zombieland VR: Headshot Fever,2021,First-Person Shooter,10000,0,0,4,1,10000,0,4
Skullgirls Encore,2014,Fighting Game,9155.4,9155.4,1,37,13,0,1,11
Splatoon 2,2017,First-Person Shooter,8930,8630,0.966405375139978,13,6,300,0.9664053751399776,8
Company of Heroes 2,2013,Strategy,8561.22,7956.22,0.929332501676163,11,6,604.9999999999991,0.9293325016761631,12
Roller Champions,2022,Sports,8538.95,105,0.0122965938435053,60,19,8433.95,0.012296593843505349,3
Black Squad,2017,First-Person Shooter,8480.72,0,0,57,17,8480.72,0,8
Metal Gear Online,2008,First-Person Shooter,8000,0,0,37,8,8000,0,17
King of Fighters 98,1998,Fighting Game,7945.57,7945.57,1,7,3,0,1,27
Star Wars Jedi Knight II: Jedi Outcast,2002,First-Person Shooter,7679.25,7679.25,1,0,1,0,1,23
NASCAR Thunder 2002,2001,Racing,7679.25,7679.25,1,0,1,0,1,24
Million Arthur: Arcana Blood,2017,Fighting Game,7540,7530,0.99867374005305,12,4,10,0.9986737400530504,8
Pistol Whip,2019,First-Person Shooter,7500,0,0,13,1,7500,0,6
Gears of War 3,2011,Third-Person Shooter,7255.81,4555.81,0.627884412629327,13,4,2700,0.6278844126293274,14
Them's Fightin' Herds,2018,Fighting Game,7218.19,3170,0.439168267945288,30,30,4048.1899999999996,0.43916826794528824,7
Doom (2016),2016,First-Person Shooter,7000,7000,1,6,1,0,1,9
Power Rangers: Battle for the Grid,2019,Fighting Game,6946.8,3286.2,0.473052340646053,27,13,3660.6000000000004,0.47305234064605284,6
Persona 4 Arena,2012,Fighting Game,6336.63,6336.63,1,42,11,0,1,13
Nascar Heat 5,2020,Racing,6125,2500,0.408163265306122,20,2,3625,0.40816326530612246,5
Under Night In-Birth EXE: Late,2014,Fighting Game,6025.76,6025.76,1,52,23,0,1,11
NASCAR Thunder 2003,2002,Racing,5933.5,5933.5,1,0,1,0,1,23
Divekick,2013,Fighting Game,5840,5840,1,27,11,0,1,12
Fantasy Strike,2019,Fighting Game,5799.8,2610,0.450015517776475,21,5,3189.8,0.450015517776475,6
Windjammers,1994,Strategy,5651.47,5162.16,0.913418986564557,36,16,489.3100000000004,0.9134189865645574,31
Lethal League Blaze,2018,Fighting Game,5643.92,1677.75,0.297266793292605,25,12,3966.17,0.29726679329260514,7
Archangel Hellfire,2017,First-Person Shooter,5500,2000,0.363636363636364,14,9,3500,0.36363636363636365,8
Tower Tag,2020,First-Person Shooter,5170.41,0,0,25,5,5170.41,0,5
Doom II: Hell on Earth,1994,First-Person Shooter,5108.56,2200,0.430649732997166,14,8,2908.5600000000004,0.4306497329971655,31
Unreal Tournament (2016),2016,First-Person Shooter,5084.97,0,0,82,8,5084.97,0,9
Rage,2011,First-Person Shooter,5000,5000,1,3,1,0,1,14
GOLF Plus,2020,Sports,5000,5000,1,4,1,0,1,5
The Elder Scrolls: Legends,2017,Collectible Card Game,5000,5000,1,3,1,0,1,8
Soul Calibur II,2003,Fighting Game,4980,4980,1,17,8,0,1,22
BlazBlue: Chronophantasma Extend,2015,Fighting Game,4918.77,4918.77,1,28,11,0,1,10
Supreme Commander,2007,Strategy,4901.26,4901.26,1,0,1,0,1,18
S.T.A.L.K.E.R.: Shadow of Chernobyl,2007,First-Person Shooter,4901.26,4901.26,1,0,1,0,1,18
Trackmania United Forever,2008,Racing,4603.55,0,0,25,2,4603.55,0,17
Naruto Shippuden: Ultimate Ninja Storm 4,2016,Fighting Game,4550,2000,0.43956043956044,7,5,2550,0.43956043956043955,9
Touhou Hisoutensoku ~ Choudokyuu Ginyoru no Nazo o Oe,2009,Fighting Game,4501.52,220,0.0488723808846789,18,6,4281.52,0.04887238088467895,16
Power Rangers: Legacy Wars,2017,Fighting Game,4178.55,4178.55,1,2,1,0,1,8
Rushdown Revolt,2021,Fighting Game,4160.09,0,0,31,18,4160.09,0,4
Faeria,2017,Collectible Card Game,4100,0,0,12,5,4100,0,8
Nock,2022,Sports,4050,0,0,12,2,4050,0,3
Dengeki Bunko: Fighting Climax Ignition,2015,Fighting Game,3852.8,3667.3,0.951853197674419,40,14,185.5,0.9518531976744186,10
NHL '94,1993,Sports,3818.56,3818.56,1,16,8,0,1,32
Puyo Puyo Tetris,2014,Puzzle Game,3422.84,1617.75,0.472633836229564,31,16,1805.0900000000001,0.47263383622956373,11
Street Fighter Alpha 2,1996,Fighting Game,3324.69,2210,0.664723628368359,26,12,1114.69,0.6647236283683592,29
Sailor Moon S,1995,Fighting Game,3281.19,3271.19,0.996952325223471,20,12,10,0.9969523252234708,30
Gran Turismo 3: A-Spec,2001,Racing,3250,3250,1,4,2,0,1,24
NHL 15,2014,Sports,3157.16,3157.16,1,3,3,0,1,11
NHL 14,2013,Sports,3023.96,3023.96,1,6,3,0,1,12
Mythgard,2019,Collectible Card Game,3000,0,0,9,3,3000,0,6
Tatsunoko vs. Capcom: Ultimate All-Stars,2010,Fighting Game,2771.76,1330.81,0.480131757439316,16,16,1440.9500000000003,0.48013175743931646,15
Puyo Puyo Champions,2019,Puzzle Game,2482.3,2071.8,0.834629174555856,14,5,410.5,0.8346291745558555,6
Reflex,2015,First-Person Shooter,2458.37,163.66,0.0665725663752812,24,9,2294.71,0.06657256637528118,10
Synth Riders,2018,Music / Rhythm Game,2100,600,0.285714285714286,11,7,1500,0.2857142857142857,7
Pro Evolution Soccer 2008,2007,Sports,2084.15,2084.15,1,6,3,0,1,18
ComPet,2016,Strategy,2000,0,0,50,1,2000,0,9
Walkabout Mini Golf,2021,Sports,2000,0,0,7,2,2000,0,4
Nitroplus Blasterz: Heroines Infinite Duel,2015,Fighting Game,1994,1994,1,10,4,0,1,10
Puyo Puyo Tetris 2,2020,Puzzle Game,1897.64,1787.47,0.941943677409835,14,3,110.17000000000007,0.9419436774098353,5
GOALS,2025,Sports,1841.26,0,0,4,1,1841.26,0,0
Koihime Enbu,2016,Fighting Game,1765,1615,0.915014164305949,14,7,150,0.9150141643059491,9
Fighting EX Layer,2018,Fighting Game,1642.96,1632.96,0.993913424550811,16,7,10,0.9939134245508108,7
Lemnis Gate,2021,First-Person Shooter,1564.7,0,0,6,5,1564.7,0,4
Catherine,2011,Puzzle Game,1545,1470,0.951456310679612,11,7,75,0.9514563106796117,14
Madden NFL 2004,2003,Sports,1500,1500,1,3,1,0,1,22
Pro Evolution Soccer 2009,2008,Sports,1395.97,0,0,5,2,1395.97,0,17
Splatoon,2015,First-Person Shooter,1390,0,0,3,4,1390,0,10
Bloody Roar Extreme,2002,Fighting Game,1370,1370,1,3,1,0,1,23
Eternal Fighter Zero,2000,Fighting Game,1311.6,0,0,7,2,1311.6,0,25
Supreme Commander: Forged Alliance,2007,Strategy,1290.01,1290.01,1,0,1,0,1,18
Pavlov,2017,First-Person Shooter,1260,0,0,19,3,1260,0,8
Warparty,2019,Strategy,1175,0,0,6,2,1175,0,6
Artifact Foundry,2020,Collectible Card Game,1174.5,0,0,21,12,1174.5,0,5
Windjammers 2,2022,Fighting Game,1056.07,1056.07,1,3,56,0,1,3
Shards of War,2015,Multiplayer Online Battle Arena,1029.21,0,0,20,1,1029.21,0,10
Trackmania United,2006,Racing,1027.5,1027.5,1,3,1,0,1,19
Loco Dojo Unleashed,2021,Strategy,1000,1000,1,4,1,0,1,4
Contractors,2018,First-Person Shooter,1000,0,0,20,1,1000,0,7
Snapshot VR,2020,First-Person Shooter,1000,0,0,15,2,1000,0,5
Arcana Heart 3,2009,Fighting Game,1000,1000,1,4,1,0,1,16
Ninja Legends,2019,Fighting Game,1000,0,0,6,1,1000,0,6
Rising Thunder,2015,Fighting Game,1000,1000,1,3,1,0,1,10
Epic Roller Coasters VR,2018,Racing,1000,0,0,3,1,1000,0,7
SuperPlayer,2022,Sports,1000,0,0,3,1,1000,0,3
Tibia,1997,Role-Playing Game,952.94,952.94,1,1,1,0,1,28
Soul Calibur II HD Online,2013,Fighting Game,945.41,945.41,1,29,5,0,1,12
Kill la Kill the Game: IF,2019,Fighting Game,920,770,0.83695652173913,12,4,150,0.8369565217391305,6
Teenage Mutant Ninja Turtles: Tournament Fighters,1993,Fighting Game,820,820,1,7,2,0,1,32
Star Wars: Squadrons,2020,Strategy,800,0,0,4,1,800,0,5
JoJo's Bizarre Adventure: All Star Battle R,2022,Fighting Game,780,780,1,8,1,0,1,3
Trackmania 2: Valley,2013,Racing,779.34,779.34,1,6,2,0,1,12
King of Fighters 2002 Unlimited Match,2009,Fighting Game,760,760,1,6,2,0,1,16
Cave Digger 2,2021,Role-Playing Game,750,0,0,4,1,750,0,4
Duck Game,2014,Fighting Game,750,0,0,5,2,750,0,11
NHL 12,2011,Sports,702.93,702.93,1,6,2,0,1,14
Stick Fight the Game,2017,Fighting Game,700,0,0,5,2,700,0,8
Trackmania Turbo,2016,Racing,679.41,0,0,6,2,679.41,0,9
Garou: Mark of the Wolves,1999,Fighting Game,658.71,513.71,0.779872781648981,13,4,145,0.7798727816489806,26
Audio Trip,2020,Music / Rhythm Game,650,0,0,4,2,650,0,5
Slapshot Rebound,2020,Sports,638.27,0,0,23,5,638.27,0,5
Fight of Animals,2019,Fighting Game,630.68,0,0,9,4,630.68,0,6
Slap City,2018,Fighting Game,600,0,0,5,2,600,0,7
SLAYERS FOR HIRE,2020,Fighting Game,600,0,0,8,2,600,0,5
Samurai Shodown V Special,2004,Fighting Game,590.57,490.11,0.82989315407149,15,5,100.46000000000004,0.8298931540714902,21
Virtua Fighter 5 Final Showdown,2010,Fighting Game,573.77,573.77,1,28,6,0,1,15
Arcana Heart 3: Love Max Six Stars!!!!!,2014,Fighting Game,570,520,0.912280701754386,8,4,50,0.9122807017543859,11
DOOMBRINGER,2017,First-Person Shooter,567.77,0,0,8,4,567.77,0,8
Def Jam: Fight for NY,2004,Fighting Game,550,360,0.654545454545455,6,3,190,0.6545454545454545,21
Jak and Daxter: The Precursur Legacy,2001,Racing,500,0,0,4,1,500,0,24
Gym Masters VR,2021,Sports,500,0,0,4,1,500,0,4
Racket: NX,2018,Sports,500,0,0,3,1,500,0,7
Legend of Glory,2015,Multiplayer Online Battle Arena,472.66,0,0,0,1,472.66,0,10
Void Racer,2020,Racing,460,0,0,4,1,460,0,5
Pocket Bravery,2022,Fighting Game,452.35,452.35,1,3,1,0,1,3
Beat Aim,2019,First-Person Shooter,430,0,0,12,6,430,0,6
SNK Heroines: Tag Team Frenzy,2018,Fighting Game,430,430,1,3,1,0,1,7
Mobile Suit Gundam: Extreme Vs Maxi Boost ON,2016,Third-Person Shooter,420,320,0.761904761904762,12,2,100,0.7619047619047619,9
Acceleration of SUGURI 2,2018,Fighting Game,410,210,0.51219512195122,8,3,200,0.5121951219512195,7
Arcana Heart 3: LOVE MAX!!!!!,2013,Fighting Game,410,410,1,6,2,0,1,12
Punch Planet,2017,Fighting Game,400,0,0,6,2,400,0,8
Street Fighter EX2 Plus,1999,Fighting Game,350,350,1,5,2,0,1,26
Street Fighter Alpha 3,1998,Fighting Game,340,340,1,16,5,0,1,27
Maiden & Spell,2020,Fighting Game,325,0,0,5,2,325,0,5
JoJo's Bizarre Adventure: Heritage for the Future,1999,Fighting Game,324.99,0,0,8,3,324.99,0,26
Ultra Fight Da! Kyanta 2,2019,Fighting Game,320,320,1,3,1,0,1,6
Skullgirls,2012,Fighting Game,300,300,1,3,1,0,1,13
Smash Remix,2019,Fighting Game,299.06,0,0,4,1,299.06,0,6
Gundam Versus,2017,First-Person Shooter,280,280,1,6,1,0,1,8
Jstris,2014,Puzzle Game,275,0,0,12,2,275,0,11
Soul Calibur IV,2008,Fighting Game,260,260,1,3,2,0,1,17
Blankos Block Party,2020,Multiplayer Online Battle Arena,250,0,0,3,1,250,0,5
Aquapazza: Aquaplus Dream Match,2011,Fighting Game,245,245,1,5,2,0,1,14
MOBA Legends,2016,Multiplayer Online Battle Arena,225,0,0,3,1,225,0,9
Kirby Fighters 2,2020,Fighting Game,222.86,0,0,4,1,222.86,0,5
Tetris Ultimate,2014,Puzzle Game,221,221,1,3,1,0,1,11
Super Mario Party,2018,Strategy,220,220,1,4,1,0,1,7
GRID (2019),2019,Racing,218.75,218.75,1,3,1,0,1,6
Dragon Ball Z: Budokai 3,2004,Fighting Game,204.06,204.06,1,3,1,0,1,21
Digimon Rumble Arena,2001,Fighting Game,200,0,0,5,2,200,0,24
Naruto: Gekitou Ninja Taisen! 4,2005,Fighting Game,200,0,0,3,1,200,0,20
Schwarzerblitz,2020,Fighting Game,200,0,0,5,2,200,0,5
Fighter's History Dynamite,1994,Fighting Game,195,195,1,3,1,0,1,31
Project Plus,2019,Fighting Game,195,0,0,6,2,195,0,6
Cultris II,2011,Puzzle Game,190.95,0,0,3,1,190.95,0,14
Umineko: Golden Fantasia,2010,Fighting Game,190,90,0.473684210526316,9,3,100,0.47368421052631576,15
Idol Showdown,2023,Fighting Game,188,188,1,3,1,0,1,2
Pocket Rumble,2016,Fighting Game,185,0,0,5,2,185,0,9
Catherine: Full Body,2019,Puzzle Game,185,185,1,3,1,0,1,6
Warsow,2012,First-Person Shooter,183,0,0,2,1,183,0,13
Project Justice,2000,Fighting Game,165,165,1,3,1,0,1,25
Ultimate Mortal Kombat 3,1995,Fighting Game,150,150,1,6,2,0,1,30
Speedrunners,2016,Racing,150,0,0,5,2,150,0,9
Twinkle Star Sprites,1996,Puzzle Game,150,0,0,4,2,150,0,29
Hokuto no Ken,2005,Fighting Game,145,145,1,3,1,0,1,20
Capcom vs. SNK,2000,Fighting Game,140,140,1,6,2,0,1,25
Chaos Code: New Sign of Catastrophe,2013,Fighting Game,140,140,1,3,1,0,1,12
HYPERFIGHT,2019,Fighting Game,140,0,0,4,2,140,0,6
Panel Attack,2020,Puzzle Game,140,0,0,5,2,140,0,5
Forza Motorsport 4,2011,Racing,132.37,132.37,1,2,1,0,1,14
Magical Drop III,1997,Puzzle Game,130,130,1,3,1,0,1,28
Chex Quest,1996,First-Person Shooter,100,0,0,2,1,100,0,29
Mighty Fight Federation,2021,Fighting Game,100,0,0,3,1,100,0,4
Red Earth,1996,Fighting Game,100,0,0,3,1,100,0,29
Toribash,2006,Fighting Game,100,0,0,3,1,100,0,19
Tough Love Arena,2021,Fighting Game,100,0,0,3,1,100,0,4
Power Instinct: Matrimelee,2002,Fighting Game,90,0,0,5,2,90,0,23
Shrek SuperSlam,2005,Fighting Game,80,0,0,4,2,80,0,20
Samurai Shodown III,1995,Fighting Game,70,0,0,5,2,70,0,30
Mario Tennis Aces,2018,Sports,61.3,0,0,6,2,61.3,0,7
Dengeki Bunko: Fighting Climax,2014,Fighting Game,60,60,1,3,1,0,1,11
Shovel Knight Showdown,2019,Fighting Game,60,60,1,3,1,0,1,6
The Last Blade 2,1998,Fighting Game,60,0,0,4,2,60,0,27
Roof Rage,2019,Fighting Game,50,0,0,3,1,50,0,6
BlazBlue: Calamity Trigger,2008,Fighting Game,35,35,1,3,1,0,1,17
Guilty Gear,1998,Fighting Game,32,32,1,3,1,0,1,27
King of Fighters XI,2005,Fighting Game,25,25,1,3,1,0,1,20
Akatsuki Blitzkampf,2007,Fighting Game,20,0,0,3,1,20,0,18
Breakers Revenge,1998,Fighting Game,16,0,0,3,1,16,0,27
Asuka 120% LimitOver BURNING Fest.,1998,Fighting Game,10,0,0,3,1,10,0,27
Clash Royale x Chess,2022,Strategy,0,0,NA,0,0,0,NA,3
Endgods,2015,Strategy,0,0,NA,0,0,0,NA,10
Heroes of Might and Magic III,1999,Strategy,0,0,NA,0,0,0,NA,26
Iron Harvest,2020,Strategy,0,0,NA,0,0,0,NA,5
Legion TD 2,2021,Strategy,0,0,NA,0,0,0,NA,4
Men of War: Assault Squad 2,2014,Strategy,0,0,NA,0,0,0,NA,11
"Warhammer 40,000: Dawn of War II",2009,Strategy,0,0,NA,0,0,0,NA,16
Alliance of Valiant Arms,2009,First-Person Shooter,0,0,NA,0,0,0,NA,16
Battlefield 1,2016,First-Person Shooter,0,0,NA,0,0,0,NA,9
Battlefield V,2018,First-Person Shooter,0,0,NA,0,0,0,NA,7
Call of Duty: Warzone 2.0,2022,First-Person Shooter,0,0,NA,0,0,0,NA,3
Ironsight,2018,First-Person Shooter,0,0,NA,0,0,0,NA,7
Islands of Nyne,2017,First-Person Shooter,0,0,NA,0,0,0,NA,8
Rainbow Six Extraction,2022,First-Person Shooter,0,0,NA,0,0,0,NA,3
Sudden Attack,2005,First-Person Shooter,0,0,NA,0,0,0,NA,20
The Finals,2023,First-Person Shooter,0,0,NA,0,0,0,NA,2
Vail VR,2022,First-Person Shooter,0,0,NA,0,0,0,NA,3
Dofus,2004,Multiplayer Online Battle Arena,0,0,NA,0,0,0,NA,21
Dream Three Kingdoms 2,2015,Multiplayer Online Battle Arena,0,0,NA,0,1,0,NA,10
Roblox,2006,Multiplayer Online Battle Arena,0,0,NA,0,0,0,NA,19
Teeworlds,2007,Multiplayer Online Battle Arena,0,0,NA,0,0,0,NA,18
Chivalry 2,2021,Role-Playing Game,0,0,NA,0,0,0,NA,4
BlazBlue: Continuum Shift Extend,2011,Fighting Game,0,0,NA,3,1,0,NA,14
Brawlout,2017,Fighting Game,0,0,NA,0,0,0,NA,8
Dead or Alive 5,2012,Fighting Game,0,0,NA,4,2,0,NA,13
Dead or Alive 5 Ultimate,2013,Fighting Game,0,0,NA,37,7,0,NA,12
Guilty Gear XX,2002,Fighting Game,0,0,NA,5,2,0,NA,23
Guilty Gear XX #Reload,2003,Fighting Game,0,0,NA,3,1,0,NA,22
Guilty Gear XX Accent Core Plus,2008,Fighting Game,0,0,NA,3,1,0,NA,17
Melty Blood: Actress Again,2009,Fighting Game,0,0,NA,10,2,0,NA,16
Mortal Kombat vs. DC Universe,2008,Fighting Game,0,0,NA,3,1,0,NA,17
Tekken Tag Tournament,1999,Fighting Game,0,0,NA,7,4,0,NA,26
TowerFall: Ascension,2013,Fighting Game,0,0,NA,0,0,0,NA,12
Virtua Fighter 4: Evolution,2002,Fighting Game,0,0,NA,6,3,0,NA,23
Hot Lap League,2021,Racing,0,0,NA,0,0,0,NA,4
Jak 3,2004,Racing,0,0,NA,0,0,0,NA,21
Jak II,2003,Racing,0,0,NA,14,1,0,NA,22
Marbles on Stream,2018,Racing,0,0,NA,0,0,0,NA,7
Trials Fusion,2014,Racing,0,0,NA,0,0,0,NA,11
Dream league Soccer,2019,Sports,0,0,NA,0,0,0,NA,6
Eleven Table Tennis,2016,Sports,0,0,NA,0,0,0,NA,9
Just Hoops,2021,Sports,0,0,NA,0,0,0,NA,4
NBA 2K Online,2012,Sports,0,0,NA,0,0,0,NA,13
NBA 2K Online 2,2018,Sports,0,0,NA,0,0,0,NA,7
NHL 17,2016,Sports,0,0,NA,0,0,0,NA,9
Pro Evolution Soccer 2013,2012,Sports,0,0,NA,0,0,0,NA,13
Ragnaröck,2021,Sports,0,0,NA,0,0,0,NA,4
Soccer Stars,2018,Sports,0,0,NA,0,0,0,NA,7
"KARDS, The World War II Card Game",2019,Collectible Card Game,0,0,NA,0,0,0,NA,6
Pokémon TCG,1996,Collectible Card Game,0,0,NA,0,0,0,NA,29
Shardbound,2017,Collectible Card Game,0,0,NA,0,0,0,NA,8
Pac-man,1981,Puzzle Game,0,0,NA,0,0,0,NA,44
Apex Legends Mobile,2022,Battle Royale,0,0,NA,0,0,0,NA,3
Ark: Survival Of The Fittest,2017,Battle Royale,0,0,NA,0,0,0,NA,8
Farlight 84,2023,Battle Royale,0,0,NA,0,0,0,NA,2
Penguin Paradise,2022,Battle Royale,0,0,NA,0,0,0,NA,3
Knockout City,2021,Third-Person Shooter,0,0,NA,0,0,0,NA,4
PARAVOX,2024,Third-Person Shooter,0,0,NA,0,0,0,NA,1
Groove Gunner,2020,Music / Rhythm Game,0,0,NA,0,0,0,NA,5
Guitar Hero: World Tour,2008,Music / Rhythm Game,0,0,NA,0,0,0,NA,17
Just Dance 2014,2013,Music / Rhythm Game,0,0,NA,3,1,0,NA,12
